,count,unique,top,freq,mean,min,25%,50%,75%,max,std
show_id,6234.0,,,,76703679.31985883,247747.0,80035801.75,80163367.0,80244888.75,81235729.0,10942964.649884736
type,6234,2,Movie,4265,,,,,,,
title,6234,6172,The Silence,3,,,,,,,
director,6234,3302,nan,1969,,,,,,,
cast,6234,5470,nan,570,,,,,,,
country,6234,555,United States,2032,,,,,,,
date_added,6223,,,,2018-07-01 15:36:42.346135296,2008-01-01 00:00:00,2017-10-01 00:00:00,2018-09-30 00:00:00,2019-06-08 00:00:00,2020-01-18 00:00:00,
release_year,6234.0,,,,2013.3593198588387,1925.0,2013.0,2016.0,2018.0,2020.0,8.811620351521556
rating,6234,15,TV-MA,2027,,,,,,,
duration,6234,201,1 Season,1321,,,,,,,
listed_in,6234,461,Documentaries,299,,,,,,,
description,6234,6226,A surly septuagenarian gets another chance at her 20s after having her photo snapped at a studio that magically takes 50 years off her life.,3,,,,,,,
duration_min,0.0,,,,,,,,,,
