,count
International Movies,1842
Dramas,1077
Comedies,803
Documentaries,644
Action & Adventure,597
International TV Shows,570
Dramas,546
TV Dramas,543
Independent Movies,534
International TV Shows,431
Romantic Movies,374
Children & Family Movies,358
Thrillers,352
TV Comedies,347
Comedies,310
Crime TV Shows,309
Kids' TV,288
Stand-Up Comedy,273
Romantic TV Shows,257
Music & Musicals,231
British TV Shows,210
Horror Movies,205
Sci-Fi & Fantasy,183
Sports Movies,156
Docuseries,148
Korean TV Shows,132
Docuseries,131
Anime Series,117
Spanish-Language TV Shows,116
TV Action & Adventure,96
Reality TV,90
TV Comedies,89
International Movies,85
TV Mysteries,69
TV Sci-Fi & Fantasy,67
Science & Nature TV,67
Reality TV,63
Classic Movies,62
LGBTQ Movies,60
Horror Movies,57
Movies,56
TV Dramas,56
Crime TV Shows,54
Faith & Spirituality,47
Cult Movies,45
TV Horror,45
TV Thrillers,44
Teen TV Shows,44
Thrillers,40
Kids' TV,40
Anime Features,33
TV Action & Adventure,30
Stand-Up Comedy & Talk Shows,28
Documentaries,24
Classic Movies,22
Romantic TV Shows,21
Children & Family Movies,20
Classic & Cult TV,19
Independent Movies,18
Stand-Up Comedy & Talk Shows,14
Anime Features,12
Music & Musicals,12
TV Shows,10
Cult Movies,10
Sci-Fi & Fantasy,10
TV Horror,9
Stand-Up Comedy,8
Classic & Cult TV,5
Romantic Movies,2
Sports Movies,1
Spanish-Language TV Shows,1
TV Sci-Fi & Fantasy,1
